City_ID,City,Lat,Lng,Max Temp,Humidity,Cloudiness,Wind Speed,Country,Date
0,merritt island,28.5392,-80.672,289.26,65,0,3.09,US,1674530075
1,vaini,-21.2,-175.2,303.24,79,20,3.6,TO,1674530081
2,los llanos de aridane,28.6585,-17.9182,288.01,70,100,3.6,ES,1674530081
3,albany,42.6001,-73.9662,272.39,83,69,1.34,US,1674529928
4,butaritari,3.0707,172.7902,300.27,78,53,7.73,KI,1674530083
5,ushuaia,-54.8,-68.3,279.83,94,79,1.84,AR,1674529896
6,broome,42.2506,-75.833,272.51,85,100,4.12,US,1674530084
7,ormond beach,29.2858,-81.0559,287.64,66,40,4.12,US,1674530063
8,qaanaaq,77.484,-69.3632,248.73,70,94,3.22,GL,1674530085
9,lucapa,-8.4192,20.7447,290.2,96,100,0.95,AO,1674530086
10,port alfred,-33.5906,26.891,295.47,89,59,3.58,ZA,1674530087
11,southbridge,42.0751,-72.0334,273.11,97,66,5.55,US,1674530087
12,georgetown,5.4112,100.3354,302.11,79,20,0.0,MY,1674530088
13,dong hoi,17.4833,106.6,289.97,88,100,11.25,VN,1674530089
14,ponta do sol,32.6667,-17.1,289.5,69,13,2.95,PT,1674530089
15,mariana,-20.3778,-43.4161,293.28,97,100,1.3,BR,1674530090
16,muroto,33.2833,134.15,280.44,75,44,12.1,JP,1674530091
17,nome,64.5011,-165.4064,254.19,65,0,3.09,US,1674530092
18,haines junction,60.7522,-137.5108,265.56,98,100,1.37,CA,1674530093
19,east london,-33.0153,27.9116,296.13,83,27,6.46,ZA,1674530094
20,busselton,-33.65,115.3333,301.91,41,21,5.03,AU,1674530094
21,hithadhoo,-0.6,73.0833,299.98,77,66,5.66,MV,1674530095
22,tasiilaq,65.6145,-37.6368,266.24,65,100,2.37,GL,1674530096
23,chuy,-33.6971,-53.4616,290.47,73,0,1.03,UY,1674530097
24,saint-philippe,-21.3585,55.7679,295.92,83,100,4.26,RE,1674530097
25,bredasdorp,-34.5322,20.0403,289.6,76,0,3.61,ZA,1674530098
26,codrington,-38.2667,141.9667,294.95,62,98,5.64,AU,1674530099
27,hermanus,-34.4187,19.2345,291.05,80,0,6.53,ZA,1674530099
28,hakkari,37.5833,44.1667,261.03,92,20,1.54,TR,1674530100
29,cayenne,4.9333,-52.3333,298.17,78,0,2.06,GF,1674530101
30,honiara,-9.4333,159.95,299.96,86,89,1.6,SB,1674529846
31,namibe,-15.1961,12.1522,296.06,86,97,0.19,AO,1674529907
32,hilo,19.7297,-155.09,298.0,81,100,3.6,US,1674530102
33,boende,-0.2167,20.8667,295.86,78,100,0.85,CD,1674530103
34,saint-georges,12.0564,-61.7485,298.33,77,100,7.74,GD,1674529937
35,rikitea,-23.1203,-134.9692,299.36,75,0,7.11,PF,1674530104
36,seoul,37.5683,126.9778,259.81,29,7,8.53,KR,1674529411
37,kapaa,22.0752,-159.319,300.14,80,20,2.57,US,1674530106
38,bluff,-46.6,168.3333,286.82,59,16,5.43,NZ,1674530106
39,gisborne,-38.6533,178.0042,291.5,67,59,3.17,NZ,1674530107
40,zaozerne,45.1582,33.2787,275.79,90,99,5.16,UA,1674530110
41,naze,28.3667,129.4833,283.66,75,100,13.04,JP,1674530111
42,madingou,-4.1536,13.55,295.63,95,100,0.78,CG,1674530112
43,punta arenas,-53.15,-70.9167,283.21,57,0,7.72,CL,1674529857
44,mar del plata,-38.0023,-57.5575,293.2,74,0,6.71,AR,1674530113
45,kavieng,-2.5744,150.7967,302.56,70,90,5.04,PG,1674530114
46,antsohihy,-14.8796,47.9875,295.59,95,97,3.12,MG,1674530114
47,bandarbeyla,9.4942,50.8122,297.17,66,70,7.53,SO,1674530115
48,cape town,-33.9258,18.4232,293.08,78,17,2.68,ZA,1674530100
49,quatre cocos,-20.2078,57.7625,296.53,80,100,2.01,MU,1674530116
50,nikolskoye,59.7035,30.7861,269.09,92,99,4.06,RU,1674530117
51,mataura,-46.1927,168.8643,293.96,35,9,1.99,NZ,1674530119
52,jumla,29.2747,82.1838,276.13,91,100,2.01,NP,1674530106
53,atuona,-9.8,-139.0333,299.35,77,7,8.06,PF,1674530120
54,aklavik,68.2191,-135.0107,250.07,98,100,4.27,CA,1674530120
55,cherskiy,68.75,161.3,245.89,95,100,1.04,RU,1674530121
56,mahebourg,-20.4081,57.7,296.62,77,100,2.55,MU,1674530122
57,kaitangata,-46.2817,169.8464,287.97,57,51,3.73,NZ,1674530122
58,farragut,35.8845,-84.1535,274.67,85,0,0.0,US,1674529851
59,arraial do cabo,-22.9661,-42.0278,296.93,92,100,3.42,BR,1674530124
60,cidreira,-30.1811,-50.2056,297.3,82,0,5.22,BR,1674530125
61,hasaki,35.7333,140.8333,281.6,71,100,6.36,JP,1674530126
62,richards bay,-28.783,32.0377,294.79,94,1,4.02,ZA,1674530126
63,kabompo,-13.5927,24.2008,290.11,99,100,1.45,ZM,1674530127
64,cabo san lucas,22.8909,-109.9124,291.76,74,40,6.17,MX,1674529904
65,bambanglipuro,-7.95,110.2833,302.34,68,79,2.91,ID,1674530128
66,norman wells,65.282,-126.8329,249.71,99,100,0.5,CA,1674530129
67,stokmarknes,68.5646,14.9108,277.14,52,100,10.29,NO,1674530129
68,hobart,-42.8794,147.3294,297.74,50,20,7.2,AU,1674530130
69,beroroha,-21.6667,45.1667,295.24,93,100,3.11,MG,1674530131
70,yaan,7.3833,8.5667,297.78,34,24,2.5,NG,1674530131
71,clyde river,70.4692,-68.5914,237.28,68,40,5.66,CA,1674530132
72,vila velha,-20.3297,-40.2925,300.12,90,40,1.03,BR,1674530133
73,tuktoyaktuk,69.4541,-133.0374,248.95,95,100,3.57,CA,1674530133
74,qaqortoq,60.7167,-46.0333,270.0,81,100,3.02,GL,1674530134
75,inirida,3.8653,-67.9239,295.97,96,100,0.74,CO,1674530135
76,yellowknife,62.456,-114.3525,259.44,85,75,4.63,CA,1674530135
77,provideniya,64.3833,-173.3,258.21,61,40,7.0,RU,1674530136
78,mandera,3.9366,41.867,297.27,63,43,3.37,KE,1674530137
79,khatanga,71.9667,102.5,230.35,97,49,2.14,RU,1674530137
80,ilulissat,69.2167,-51.1,267.16,58,75,8.23,GL,1674530138
81,salinas,36.6777,-121.6555,283.66,68,0,2.06,US,1674529990
82,diego de almagro,-26.3667,-70.05,292.42,58,0,0.76,CL,1674530139
83,gavrilov posad,56.5597,40.1175,261.98,96,76,2.99,RU,1674530140
84,la tuque,47.4334,-72.7824,269.29,74,84,1.54,CA,1674530141
85,port elizabeth,-33.918,25.5701,294.99,86,0,9.77,ZA,1674530141
86,puerto ayora,-0.7393,-90.3518,296.79,97,89,1.79,EC,1674530142
87,nioro,13.35,-15.75,292.64,67,49,2.3,GM,1674530143
88,sobolevo,54.4299,31.8996,272.55,94,91,0.8,RU,1674530143
89,jamestown,42.097,-79.2353,272.35,67,100,9.77,US,1674529916
90,faanui,-16.4833,-151.75,299.2,77,100,7.56,PF,1674530144
91,fredericksburg,38.3032,-77.4605,278.69,68,100,0.89,US,1674529909
92,krasnaya gora,52.9995,31.6023,271.51,70,7,1.73,RU,1674530146
93,north bend,43.4065,-124.2243,279.77,94,0,2.06,US,1674530108
94,bethel,41.3712,-73.414,274.83,79,100,3.6,US,1674530147
95,vardo,70.3705,31.1107,270.14,74,0,12.35,NO,1674530147
96,hamilton,39.1834,-84.5333,273.5,83,0,3.09,US,1674529852
97,port lincoln,-34.7333,135.8667,293.49,64,26,7.08,AU,1674530148
98,san juan,-31.5375,-68.5364,304.35,25,19,7.98,AR,1674530135
99,iqaluit,63.7506,-68.5145,249.09,83,100,1.03,CA,1674530150
100,anadyr,64.75,177.4833,253.43,59,0,2.0,RU,1674530151
101,new norfolk,-42.7826,147.0587,297.87,41,16,1.34,AU,1674530151
102,salalah,17.0151,54.0924,295.2,68,20,2.57,OM,1674530143
103,carnarvon,-24.8667,113.6333,300.48,62,75,5.72,AU,1674530153
104,victoria,22.2855,114.1577,289.28,50,98,11.18,HK,1674530056
105,hidalgo,20.5,-99.0,285.37,82,83,1.54,MX,1674530154
106,boyolangu,-8.1181,111.8935,302.86,63,69,1.29,ID,1674530154
107,tabuk,17.4189,121.4443,299.02,71,72,5.46,PH,1674530155
108,la asuncion,11.0333,-63.8628,297.52,84,54,7.38,VE,1674530156
109,horqueta,-23.3428,-57.0597,295.84,92,100,2.96,PY,1674530156
110,jawhar,2.7809,45.5005,294.98,86,14,5.31,SO,1674530157
111,barrow,71.2906,-156.7887,251.16,84,100,8.75,US,1674530158
112,sao jose da coroa grande,-8.8978,-35.1478,298.65,79,25,3.45,BR,1674530158
113,vysha,53.8477,42.3777,263.01,92,52,2.14,RU,1674530159
114,saint george,37.1041,-113.5841,277.01,45,0,2.57,US,1674530049
115,saldanha,-33.0117,17.9442,290.33,89,0,3.72,ZA,1674530160
116,andapa,-14.65,49.65,293.66,93,100,1.32,MG,1674530161
117,makakilo city,21.3469,-158.0858,299.33,63,0,4.63,US,1674530162
118,thompson,55.7435,-97.8558,243.24,76,0,1.54,CA,1674530162
119,xai-xai,-25.0519,33.6442,298.81,74,100,1.73,MZ,1674530163
120,naron,43.5167,-8.1528,282.05,75,93,5.88,ES,1674530164
121,goodyear,33.4353,-112.3582,281.67,50,75,2.68,US,1674530007
122,san vicente,-26.6167,-54.1333,293.75,61,0,0.81,AR,1674530165
123,nanortalik,60.1432,-45.2371,271.37,86,100,3.95,GL,1674530165
124,rivadavia,-33.1905,-68.4608,301.12,37,0,5.38,AR,1674529952
125,ribeira grande,38.5167,-28.7,289.69,75,15,10.28,PT,1674530167
126,chokurdakh,70.6333,147.9167,236.88,100,97,2.09,RU,1674530167
127,yuncheng,35.0231,110.9928,267.02,19,0,2.22,CN,1674530168
128,kodiak,57.79,-152.4072,276.88,87,75,3.09,US,1674530169
129,meaford,44.6001,-80.583,273.33,88,100,9.51,CA,1674530169
130,aswan,24.0934,32.907,287.86,29,0,3.66,EG,1674530170
131,karratha,-20.7377,116.8463,304.32,54,99,5.62,AU,1674530171
132,rawson,-43.3002,-65.1023,300.4,27,0,7.63,AR,1674530172
133,ahipara,-35.1667,173.1667,294.98,74,100,1.94,NZ,1674530173
134,taoudenni,22.6783,-3.9836,289.33,24,0,3.22,ML,1674530173
135,inhambane,-23.865,35.3833,298.14,80,90,4.39,MZ,1674530174
136,airai,-8.9266,125.4092,293.66,71,100,0.87,TL,1674530175
137,antalaha,-14.9003,50.2788,297.28,85,100,1.27,MG,1674530175
138,leningradskiy,69.3833,178.4167,241.16,93,8,3.97,RU,1674530176
139,montague,42.5356,-72.5351,273.22,93,74,5.0,US,1674530177
140,kaduqli,11.0167,29.7167,294.04,30,62,4.25,SD,1674530177
141,esperance,-33.8667,121.9,299.62,45,0,4.2,AU,1674530178
142,beringovskiy,63.05,179.3167,250.04,97,100,6.2,RU,1674530179
143,hwange,-18.3693,26.5019,292.63,96,100,2.21,ZW,1674530180
144,delhi,28.6667,77.2167,289.2,88,75,4.12,IN,1674530162
145,mosquera,4.7059,-74.2302,285.2,82,75,2.57,CO,1674530181
146,ocho rios,18.4025,-77.1048,297.48,82,16,4.64,JM,1674530182
147,bilibino,68.0546,166.4372,250.32,84,100,1.94,RU,1674530183
148,gravelbourg,49.8834,-106.5512,270.3,86,100,5.61,CA,1674530184
149,troitsko-pechorsk,62.7084,56.1964,259.35,95,25,2.48,RU,1674530184
150,lovington,32.944,-103.3485,278.62,47,80,2.68,US,1674530185
151,long xuyen,10.3833,105.4167,302.12,65,56,3.7,VN,1674530186
152,matanzas,23.0411,-81.5775,296.57,83,20,2.57,CU,1674530186
153,pangnirtung,66.1451,-65.7125,245.88,81,100,1.65,CA,1674530187
154,baykit,61.67,96.37,240.01,99,93,1.64,RU,1674530188
155,oboyan,51.2098,36.2792,269.42,71,0,2.95,RU,1674530189
156,jablanica,43.6603,17.7617,276.19,96,100,1.8,BA,1674530190
157,paamiut,61.994,-49.6678,270.82,82,100,7.89,GL,1674530190
158,ukiah,39.1502,-123.2078,283.39,72,0,0.0,US,1674530191
159,dali,25.7,100.1833,284.43,34,0,1.71,CN,1674530192
160,manzhouli,49.6,117.4333,244.94,76,1,5.21,CN,1674530192
161,fortuna,40.5982,-124.1573,280.92,92,0,0.0,US,1674530193
162,narsaq,60.9167,-46.05,264.27,80,100,2.2,GL,1674530194
163,alofi,-19.0595,-169.9187,301.09,83,40,2.57,NU,1674530195
164,port hedland,-20.3167,118.5667,306.18,49,100,7.2,AU,1674530195
165,pokaran,26.9167,71.9167,284.32,32,1,4.93,IN,1674530196
166,chingirlau,51.095,54.0814,258.24,91,100,2.12,KZ,1674530197
167,kahului,20.8947,-156.47,300.16,72,0,5.14,US,1674530197
168,lagoa,39.05,-27.9833,288.19,77,78,11.29,PT,1674530198
169,luderitz,-26.6481,15.1594,289.55,83,0,5.35,NA,1674530199
170,lavrentiya,65.5833,-171.0,246.64,95,28,5.37,RU,1674530200
171,lebu,-37.6167,-73.65,289.95,96,100,3.93,CL,1674530201
172,padang,-0.9492,100.3543,299.18,88,100,2.07,ID,1674530201
173,nenjiang,49.1833,125.2167,247.23,80,22,1.55,CN,1674530202
174,mogadishu,2.0371,45.3438,297.88,80,93,8.62,SO,1674530203
175,belaya gora,68.5333,146.4167,241.4,98,100,0.77,RU,1674530203
176,bathsheba,13.2167,-59.5167,298.49,83,40,8.23,BB,1674530204
177,torbay,47.6666,-52.7314,274.42,95,100,4.02,CA,1674530109
178,yarmouth,41.7057,-70.2286,275.35,93,100,12.07,US,1674530205
179,dingle,10.9995,122.6711,300.19,80,100,6.73,PH,1674530206
180,oranjemund,-28.55,16.4333,289.25,90,0,1.29,NA,1674530206
181,khasan,42.4308,130.6434,254.56,54,0,11.33,RU,1674530207
182,montepuez,-13.1256,38.9997,292.75,96,100,3.26,MZ,1674530208
183,sangmelima,2.9333,11.9833,291.67,99,89,1.13,CM,1674530208
184,hirara,24.8,125.2833,289.07,77,75,16.46,JP,1674530209
185,warwick,41.7001,-71.4162,274.42,84,75,5.14,US,1674530210
186,el tigre,8.8875,-64.2454,296.31,75,50,5.45,VE,1674530210
187,lazaro cardenas,17.9583,-102.2,296.21,75,1,1.66,MX,1674530211
188,tessalit,20.1986,1.0114,291.74,15,0,3.32,ML,1674530212
189,antofagasta,-23.65,-70.4,292.75,82,13,1.96,CL,1674530164
190,tuy hoa,13.0833,109.3,297.08,88,99,5.92,VN,1674529988
191,kontagora,10.3999,5.4695,295.22,16,15,1.88,NG,1674530213
192,erbaa,40.6689,36.5675,280.39,84,58,0.83,TR,1674530214
193,wageningen,51.9667,5.6667,275.97,83,100,3.6,NL,1674530215
194,fairbanks,64.8378,-147.7164,254.38,71,100,0.0,US,1674530085
195,sola,-13.8833,167.55,300.73,71,68,3.72,VU,1674530216
196,florence,43.7667,11.25,279.43,95,40,2.57,IT,1674529938
197,san quintin,30.4833,-115.95,286.12,46,0,1.93,MX,1674530218
198,graham,47.0529,-122.2943,277.54,92,0,0.0,US,1674530101
199,scarborough,54.2797,-0.4044,279.45,88,43,0.45,GB,1674530219
200,pachperwa,27.5167,82.65,290.18,45,13,3.14,IN,1674530219
201,siguiri,11.6667,-9.5,298.59,29,53,1.05,GN,1674530220
202,touros,-5.1989,-35.4608,299.27,78,20,4.23,BR,1674530221
203,kassala,15.451,36.4,293.54,79,2,3.72,SD,1674530221
204,chokwe,-24.5333,32.9833,295.41,97,97,1.79,MZ,1674530222
205,babayurt,43.6002,46.7789,276.14,69,5,7.78,RU,1674530223
206,cap-aux-meules,47.3821,-61.8597,274.41,98,100,12.85,CA,1674530099
207,high level,58.5169,-117.136,262.21,92,100,2.06,CA,1674530107
208,pontes e lacerda,-15.2261,-59.3353,295.86,90,56,1.66,BR,1674530224
209,caravelas,-17.7125,-39.2481,298.96,84,100,4.81,BR,1674530073
210,ziro,27.6333,93.8333,276.56,50,95,0.96,IN,1674530225
211,tugulym,57.0591,64.6425,258.33,98,56,2.24,RU,1674530226
212,kruisfontein,-34.0033,24.7314,292.84,86,99,5.96,ZA,1674530227
213,belawan,3.7755,98.6832,299.31,89,100,1.09,ID,1674530228
214,kavaratti,10.5669,72.642,299.56,75,56,7.51,IN,1674530228
215,chabahar,25.2919,60.643,287.96,33,0,2.86,IR,1674530229
216,arman,59.7,150.1667,248.55,80,97,5.21,RU,1674530230
217,te anau,-45.4167,167.7167,293.32,39,6,1.14,NZ,1674530231
218,mayumba,-3.432,10.6554,298.95,81,100,1.83,GA,1674530231
219,henties bay,-22.116,14.2845,291.39,86,100,4.29,NA,1674530232
220,maputo,-25.9653,32.5892,296.97,88,75,2.57,MZ,1674530233
221,phan thiet,10.9333,108.1,303.14,53,88,6.45,VN,1674530234
222,abha,18.2164,42.5053,282.05,93,0,0.0,SA,1674530234
223,bengkulu,-3.8004,102.2655,297.08,90,100,3.36,ID,1674530235
224,ostrovnoy,68.0531,39.5131,269.14,90,100,12.21,RU,1674530236
225,shenzhen,22.5455,114.0683,289.22,47,86,9.97,CN,1674530207
226,shingu,33.7333,135.9833,281.61,65,30,7.3,JP,1674530237
227,alyangula,-13.8483,136.4192,301.93,77,100,5.4,AU,1674530237
228,ikungi,-5.1333,34.7667,288.84,93,100,1.34,TZ,1674530238
229,upernavik,72.7868,-56.1549,250.49,98,100,3.19,GL,1674530217
230,staryy nadym,65.6118,72.6842,249.83,95,100,5.69,RU,1674530239
231,hanting,36.7708,119.2108,263.67,28,14,7.81,CN,1674530240
232,isangel,-19.55,169.2667,302.87,71,53,2.35,VU,1674530241
233,longyearbyen,78.2186,15.6401,270.06,63,40,4.12,SJ,1674530241
234,geraldton,-28.7667,114.6,299.38,69,75,5.14,AU,1674530242
235,san andres,12.5847,-81.7006,300.16,83,40,6.69,CO,1674530243
236,sandakan,5.8402,118.1179,299.97,89,40,3.09,MY,1674530244
237,basco,20.4487,121.9702,295.85,80,57,17.5,PH,1674530244
238,tuatapere,-46.1333,167.6833,290.88,47,7,3.89,NZ,1674530245
239,vestmannaeyjar,63.4427,-20.2734,278.41,91,100,11.88,IS,1674530246
240,tual,-5.6667,132.75,301.44,75,74,5.09,ID,1674530246
241,chachapoyas,-6.2317,-77.869,284.46,96,88,0.61,PE,1674530247
242,dikson,73.5069,80.5464,250.08,84,100,15.66,RU,1674530248
243,astorga,-23.2325,-51.6656,293.46,87,100,0.45,BR,1674530248
244,san juan de los lagos,21.25,-102.3,288.49,37,65,4.1,MX,1674530249
245,minna,9.6139,6.5569,295.99,56,0,2.57,NG,1674530250
246,sao filipe,14.8961,-24.4956,294.4,65,2,3.35,CV,1674530250
247,huilong,31.8111,121.655,273.11,41,12,12.42,CN,1674530251
248,grand gaube,-20.0064,57.6608,296.69,82,100,0.35,MU,1674530252
249,nabire,-3.3667,135.4833,303.18,62,100,1.54,ID,1674530253
250,vostok,46.4856,135.8833,240.89,85,100,3.22,RU,1674530254
251,gurupi,-11.7292,-49.0686,296.11,84,92,0.5,BR,1674530255
252,dovers,12.8833,-61.1833,298.76,77,50,8.82,VC,1674530255
253,vanimo,-2.6741,141.3028,297.72,93,100,1.8,PG,1674530256
254,cody,44.5263,-109.0565,270.27,80,0,5.66,US,1674530242
255,novo aripuana,-5.1206,-60.3797,295.32,97,72,0.12,BR,1674530257
256,bambous virieux,-20.3428,57.7575,296.6,94,75,1.54,MU,1674530258
257,ponta delgada,37.7333,-25.6667,288.55,67,75,7.2,PT,1674530259
258,college,64.8569,-147.8028,254.37,71,100,0.0,US,1674530260
259,west wendover,40.7391,-114.0733,270.71,74,100,3.09,US,1674530260
260,guanare,9.0418,-69.7421,298.71,54,92,1.43,VE,1674530261
261,mount gambier,-37.8333,140.7667,296.04,48,50,3.67,AU,1674530262
262,washougal,45.5826,-122.3534,281.19,83,100,1.54,US,1674530168
263,inyonga,-6.7167,32.0667,290.38,95,100,1.73,TZ,1674530263
264,klaksvik,62.2266,-6.589,281.66,97,100,8.15,FO,1674530264
265,terney,45.0503,136.6092,249.35,74,4,8.04,RU,1674530265
266,katsuura,35.1333,140.3,284.58,63,100,7.97,JP,1674530265
267,umea,63.8284,20.2597,269.77,86,0,2.06,SE,1674530266
268,damaturu,11.747,11.9608,292.8,16,33,3.67,NG,1674530267
269,champerico,14.3,-91.9167,298.79,74,2,2.19,GT,1674530267
270,gao,16.6362,1.637,295.59,15,2,2.55,ML,1674530268
271,labuhan,-6.8844,112.2051,302.01,71,100,1.49,ID,1674530269
272,athabasca,54.7169,-113.2854,269.75,87,97,4.53,CA,1674530107
273,bilma,18.6853,12.9164,292.37,14,0,2.5,NE,1674530270
274,diffa,13.3154,12.6113,293.17,21,64,3.22,NE,1674530271
275,severo-kurilsk,50.6789,156.125,266.02,71,89,8.94,RU,1674530271
276,castro,-24.7911,-50.0119,289.85,95,56,1.73,BR,1674530272
277,ekhabi,53.5102,142.9671,245.96,93,100,8.29,RU,1674530273
278,adrar,20.5022,-10.0711,289.64,16,0,4.18,MR,1674530273
279,agua verde,22.9,-106.05,293.2,82,92,1.45,MX,1674530274
280,belmonte,-15.8631,-38.8828,298.78,85,32,4.09,BR,1674530275
281,xining,36.6167,101.7667,263.35,19,4,0.88,CN,1674530275
282,bosanski novi,45.0458,16.3803,275.44,99,100,1.24,BA,1674530277
283,avarua,-21.2078,-159.775,301.18,69,75,0.51,CK,1674530278
284,pisek,49.3088,14.1475,274.88,96,100,1.97,CZ,1674530001
285,guane,22.2025,-84.0875,294.98,86,2,1.97,CU,1674530279
286,den helder,52.9599,4.7593,276.47,82,100,3.13,NL,1674530279
287,cuamba,-14.8031,36.5372,293.1,99,100,0.74,MZ,1674530280
288,conakry,9.538,-13.6773,298.19,83,40,2.06,GN,1674530281
289,lompoc,34.6391,-120.4579,283.11,76,0,3.13,US,1674530282
290,shyryayeve,47.3805,30.1964,274.11,79,100,3.81,UA,1674530283
291,banda aceh,5.5577,95.3222,298.18,86,100,4.74,ID,1674530284
292,san carlos,9.6612,-68.5827,297.88,64,99,1.19,VE,1674530285
293,gamba,-2.65,10.0,298.57,84,100,0.85,GA,1674530285
294,acapulco,16.8634,-99.8901,299.05,73,0,2.57,MX,1674530286
295,aykhal,66.0,111.5,245.11,82,100,2.18,RU,1674530288
296,cap malheureux,-19.9842,57.6142,296.74,82,100,0.78,MU,1674530288
297,tezu,27.9167,96.1667,294.44,25,96,0.81,IN,1674530290
298,kedrovyy,56.1667,91.8167,260.38,92,100,3.97,RU,1674530290
299,bertoua,4.5833,13.6833,293.25,32,79,1.39,CM,1674530291
300,shahr-e babak,30.1165,55.1186,271.84,52,23,1.0,IR,1674530292
301,olafsvik,64.8945,-23.7142,274.08,98,100,9.26,IS,1674530292
302,kpandu,6.9954,0.2931,298.66,78,60,1.93,GH,1674530293
303,meulaboh,4.1363,96.1285,297.81,89,94,2.77,ID,1674530294
304,singaraja,-8.112,115.0882,302.58,70,88,1.12,ID,1674530295
305,westport,41.1415,-73.3579,275.68,75,100,5.14,US,1674530220
306,canon city,38.441,-105.2424,271.14,80,0,0.45,US,1674530296
307,hambantota,6.1241,81.1185,299.39,77,100,6.79,LK,1674530297
308,andros town,24.7,-77.7667,294.13,77,26,4.24,BS,1674530298
309,shihezi,44.3,86.0333,249.46,90,6,1.3,CN,1674530298
310,varhaug,58.6147,5.6457,279.2,95,100,4.38,NO,1674530299
311,luganville,-15.5333,167.1667,302.77,71,98,3.65,VU,1674530300
312,morondava,-20.2833,44.2833,298.46,92,100,6.96,MG,1674530300
313,ternate,0.8,127.4,301.46,73,88,1.79,ID,1674530301
314,souillac,-20.5167,57.5167,296.36,94,75,1.54,MU,1674530302
315,tura,25.5198,90.2201,294.8,42,64,0.11,IN,1674530302
316,brae,60.3964,-1.353,282.16,98,100,8.21,GB,1674530303
317,les escoumins,48.1111,-69.0236,268.79,94,100,2.61,CA,1674530304
318,montenegro,42.5,19.3,276.85,100,100,0.51,ME,1674530305
319,agadez,19.75,10.25,291.07,15,0,3.36,NE,1674530306
320,fort dodge,42.4975,-94.168,272.22,86,100,3.09,US,1674530306
321,otjiwarongo,-20.4637,16.6477,290.71,86,99,3.26,NA,1674530307
322,samarkand,39.6542,66.9597,263.83,92,21,1.03,UZ,1674530308
323,seminole,28.7086,-81.2081,287.78,78,0,2.06,US,1674530309
324,sorland,67.667,12.6934,276.07,58,100,12.4,NO,1674530310
325,santa clarita,34.3917,-118.5426,286.28,28,0,2.57,US,1674530310
326,ambilobe,-13.2,49.05,295.48,96,100,0.58,MG,1674530311
327,la ronge,55.1001,-105.2842,260.29,78,100,3.6,CA,1674530312
328,bukama,-9.2,25.85,292.28,97,100,0.35,CD,1674530312
329,mecca,21.4267,39.8261,294.72,74,0,1.25,SA,1674530313
330,gigmoto,13.7796,124.39,299.56,81,63,5.62,PH,1674530314
331,langenhagen,52.45,9.75,275.34,94,100,3.09,DE,1674530314
332,general roca,-39.0333,-67.5833,300.16,23,0,5.12,AR,1674530315
333,ancud,-41.8697,-73.8203,285.5,84,83,4.44,CL,1674530263
334,garavuti,37.5672,68.4469,271.51,76,86,0.27,TJ,1674530316
335,pangody,65.85,74.4859,245.47,92,100,3.88,RU,1674530317
336,fukue,32.6881,128.8419,271.35,69,75,8.75,JP,1674530318
337,barra patuca,15.8,-84.2833,298.04,82,52,4.59,HN,1674530319
338,necochea,-38.5473,-58.7368,289.26,63,0,5.49,AR,1674530320
339,kirakira,-10.4544,161.9205,298.64,92,99,3.14,SB,1674530320
340,muli,2.9167,73.5667,299.77,71,100,1.76,MV,1674530321
341,laguna,38.421,-121.4238,284.2,64,0,3.6,US,1674530310
342,prince rupert,54.3161,-130.3201,280.2,87,100,3.09,CA,1674530122
343,danielskuil,-28.1887,23.5395,294.23,33,80,5.98,ZA,1674530323
344,koping,59.514,15.9926,273.81,88,100,4.7,SE,1674530323
345,deputatskiy,69.3,139.9,237.36,100,95,0.61,RU,1674530324
346,borazjan,29.2666,51.2159,287.53,79,0,0.7,IR,1674530325
347,matagami,49.7502,-77.6328,269.21,93,100,3.6,CA,1674530325
348,concordia,-31.393,-58.0209,298.28,27,0,4.67,AR,1674530326
349,flinders,-34.5833,150.8552,301.51,68,78,4.02,AU,1674530322
350,araouane,18.9048,-3.5265,291.73,15,0,4.11,ML,1674530327
351,la rioja,42.25,-2.5,272.03,96,100,3.66,ES,1674530328
352,paraiso,9.8383,-83.8656,291.63,90,55,2.02,CR,1674530329
353,hualmay,-11.0964,-77.6139,294.89,78,100,4.04,PE,1674530330
354,faratsiho,-19.4,46.95,287.78,99,100,1.66,MG,1674530330
355,santa cruz del sur,20.7147,-77.9956,296.47,75,23,3.82,CU,1674530331
356,aligudarz,33.4006,49.6949,265.89,90,42,1.93,IR,1674530332
357,palu,-0.8917,119.8707,304.12,61,100,1.58,ID,1674530332
358,hervey bay,-25.2986,152.8535,299.26,65,4,3.15,AU,1674530333
359,revda,56.801,59.9303,260.88,95,100,4.59,RU,1674530334
360,tirumullaivasal,11.2333,79.8333,299.29,69,85,5.62,IN,1674530334
361,mitsamiouli,-11.3847,43.2844,299.76,82,99,6.73,KM,1674530335
362,yinchuan,38.4681,106.2731,258.33,24,0,0.59,CN,1674530336
363,niamey,13.5137,2.1098,295.31,26,6,0.0,NE,1674530336
364,charagua,-19.8,-63.2167,294.02,94,97,0.85,BO,1674530337
365,auki,-8.7676,160.7034,299.24,86,100,0.96,SB,1674530338
366,inta,66.0317,60.1659,265.93,80,100,11.07,RU,1674530338
367,palana,59.1167,159.9667,262.66,80,100,4.09,RU,1674530339
368,beidao,34.5686,105.8933,267.57,25,37,1.12,CN,1674530340
369,gorin,51.1983,136.6669,243.1,85,100,0.46,RU,1674530341
370,ati,13.2154,18.3353,295.21,14,100,4.55,TD,1674530341
371,hurricane,37.1753,-113.2899,275.94,68,1,4.88,US,1674530220
372,pringsewu,-5.3582,104.9744,300.34,74,100,0.92,ID,1674530343
373,carutapera,-1.195,-46.02,296.91,93,100,3.07,BR,1674530343
374,san patricio,28.017,-97.5169,292.07,68,97,7.76,US,1674530344
375,valenza,45.0141,8.6414,279.34,89,100,4.23,IT,1674530345
376,coos bay,43.3665,-124.2179,279.81,94,0,2.06,US,1674530345
377,faya,18.3851,42.4509,282.21,83,0,0.36,SA,1674530346
378,lewisville,33.0462,-96.9942,283.49,52,100,3.09,US,1674530347
379,ballina,-28.8667,153.5667,303.71,70,1,6.35,AU,1674530347
380,batagay,67.6333,134.6333,233.01,96,100,0.79,RU,1674530348
381,wajir,1.7471,40.0573,297.08,70,7,5.31,KE,1674530349
382,surgut,61.25,73.4167,263.25,85,100,4.0,RU,1674530350
383,yumen,40.2833,97.2,259.95,47,5,6.98,CN,1674530351
384,zhob,31.3411,69.4481,274.19,45,0,1.11,PK,1674530351
385,ulverstone,-41.15,146.1667,297.16,62,5,2.67,AU,1674530059
386,kargasok,59.0556,80.8572,250.15,89,66,4.33,RU,1674530352
387,yulara,-25.2406,130.9889,306.11,18,79,4.36,AU,1674530206
388,grand-santi,4.25,-54.3833,293.38,99,14,0.9,GF,1674530354
389,guerrero negro,27.9769,-114.0611,287.28,43,17,4.3,MX,1674530297
390,berlevag,70.8578,29.0864,273.15,80,78,16.98,NO,1674530355
391,moose factory,51.2585,-80.6094,261.15,79,100,8.75,CA,1674530289
392,miravci,41.3078,22.435,279.83,95,99,1.92,MK,1674530356
393,boa vista,2.8197,-60.6733,298.14,73,0,2.57,BR,1674530357
394,alice springs,-23.7,133.8833,308.9,14,89,2.06,AU,1674530357
395,sioni,41.9895,45.0239,270.35,84,6,0.54,GE,1674530358
396,khovu-aksy,51.1333,93.6,251.56,84,100,1.15,RU,1674530359
397,fossombrone,43.6908,12.8127,278.34,83,18,1.53,IT,1674530232
398,miles city,46.4083,-105.8406,274.69,75,100,5.14,US,1674530360
399,son la,21.3167,103.9,286.27,67,92,2.85,VN,1674530361
400,nikki,9.9401,3.2108,297.26,20,1,1.59,BJ,1674530361
401,saskylakh,71.9167,114.0833,250.99,82,100,1.63,RU,1674530362
402,ugoofaaru,5.6667,73.0,296.32,93,100,0.9,MV,1674530363
403,huangchuan,32.1272,115.0394,272.21,22,87,5.46,CN,1674530363
404,zhanaozen,43.3,52.8,270.08,46,4,3.91,KZ,1674530364
405,nador,35.174,-2.9287,282.29,57,0,3.09,MA,1674530365
406,kalmunai,7.4167,81.8167,299.18,80,99,4.58,LK,1674530366
407,burnie,-41.0667,145.9167,296.45,52,10,2.78,AU,1674530367
408,molchanovo,57.5817,83.7692,261.46,94,100,3.52,RU,1674530368
409,aguimes,27.9054,-15.4461,289.5,52,75,5.66,ES,1674530368
410,waipawa,-41.4122,175.5153,289.65,62,70,3.53,NZ,1674530369
411,misratah,32.3754,15.0925,287.11,69,4,3.96,LY,1674530370
412,vilhena,-12.7406,-60.1458,293.56,98,51,1.44,BR,1674530129
413,okhotsk,59.3833,143.3,246.0,76,92,6.23,RU,1674530371
414,camabatela,-8.1881,15.375,288.77,99,100,1.07,AO,1674530371
415,hengyang,26.8881,112.615,281.1,26,10,6.79,CN,1674530372
416,chibuto,-24.6867,33.5306,295.45,93,99,0.84,MZ,1674530373
417,dukat,62.55,155.55,244.99,95,100,2.02,RU,1674530373
418,chadiza,-14.0678,32.4392,290.32,98,100,1.45,ZM,1674530374
419,moron,-34.6534,-58.6198,300.01,60,0,2.45,AR,1674530375
420,bonavista,48.6499,-53.1147,273.48,97,100,12.03,CA,1674530376
421,mayo,38.8876,-76.5119,278.24,64,100,5.66,US,1674530376
422,warmbad,-28.45,18.7333,290.64,52,44,7.17,NA,1674530377
423,bonao,18.9369,-70.4092,294.33,80,5,1.47,DO,1674530378
424,plettenberg bay,-34.0527,23.3716,293.29,82,99,4.29,ZA,1674530379
425,kropotkin,45.4375,40.5756,273.49,77,7,6.08,RU,1674530380
426,road town,18.4167,-64.6167,297.2,69,43,8.6,VG,1674530347
427,goderich,43.7501,-81.7165,273.66,80,100,9.26,CA,1674530381
428,mnogovershinnyy,53.9353,139.9242,242.71,86,100,1.69,RU,1674530382
429,mvuma,-19.2792,30.5283,290.44,89,100,2.54,ZW,1674530382
430,varde,55.6211,8.4807,274.81,82,100,2.57,DK,1674530383
431,basna,21.2833,82.8167,294.08,35,3,1.35,IN,1674530384
432,port hardy,50.6996,-127.4199,278.25,100,100,2.06,CA,1674530384
433,shanhetun,44.7,127.2,248.58,75,15,4.25,CN,1674530385
434,ilo,-17.6394,-71.3375,294.52,89,55,2.58,PE,1674530386
435,bako,5.7833,36.5667,292.71,45,38,1.25,ET,1674530386
436,smidovich,48.6,133.8167,239.21,89,34,0.45,RU,1674530387
437,arcos de la frontera,36.7508,-5.8106,278.88,60,0,3.06,ES,1674530388
438,ntungamo,-0.8833,29.65,289.46,90,56,1.68,UG,1674530388
439,saint stephen,50.3333,-4.9,275.3,93,10,3.6,GB,1674530389
440,tefe,-3.3542,-64.7114,295.93,98,100,1.15,BR,1674530390
441,salaga,8.5508,-0.5188,301.49,58,22,2.18,GH,1674530390
442,yokadouma,3.5167,15.05,292.99,38,100,0.19,CM,1674530391
443,sikeston,36.8767,-89.5879,277.54,87,0,1.54,US,1674530392
444,bontang,0.1333,117.5,302.21,64,100,0.27,ID,1674530393
445,severodvinsk,64.5635,39.8302,266.21,86,16,5.13,RU,1674530172
446,dunmore town,25.5,-76.65,297.96,80,44,4.21,BS,1674530394
447,puerto escondido,15.85,-97.0667,298.61,73,0,0.0,MX,1674530395
448,dicabisagan,17.0818,122.4157,300.13,69,63,4.68,PH,1674530395
449,tarko-sale,64.9225,77.785,236.43,100,19,2.09,RU,1674530396
450,shimoda,34.6667,138.95,284.35,59,100,12.43,JP,1674530397
451,abu zabad,12.35,29.25,291.23,28,41,5.13,SD,1674530397
452,nouadhibou,20.931,-17.0347,290.84,68,0,7.55,MR,1674530398
453,egvekinot,66.3167,-179.1667,246.52,82,11,5.71,RU,1674530399
454,acajutla,13.5928,-89.8275,297.91,71,8,3.16,SV,1674530399
455,dunga bunga,29.7493,73.2432,285.61,49,100,2.75,PK,1674530400
456,saint-joseph,-21.3667,55.6167,295.36,82,100,1.99,RE,1674530401
457,ceres,37.5949,-120.9577,282.62,64,0,2.06,US,1674530338
458,mendi,-6.1761,143.6513,291.76,83,100,1.87,PG,1674530402
459,fuerte olimpo,-21.0415,-57.8738,294.88,96,100,1.86,PY,1674530403
460,mildura,-34.2,142.15,296.33,52,96,3.25,AU,1674530174
461,cairo,30.0626,31.2497,288.57,100,0,2.57,EG,1674529922
462,mussomeli,37.5778,13.7513,277.52,88,10,1.39,IT,1674530405
463,linxia,35.6003,103.2064,261.67,60,3,1.07,CN,1674530406
464,funtua,11.5233,7.3081,290.58,21,9,3.86,NG,1674530406
465,santa cruz,-17.8,-63.1667,297.85,83,75,2.06,BO,1674530214
466,pisco,-13.7,-76.2167,295.18,78,0,6.17,PE,1674530407
467,bud,39.447,-86.1758,272.16,89,24,3.26,US,1674530372
468,mount pleasant,32.7941,-79.8626,282.04,72,0,3.09,US,1674530409
469,half moon bay,37.4636,-122.4286,286.1,50,0,3.09,US,1674530409
470,aksarayskiy,46.7924,48.0119,269.41,47,14,3.92,RU,1674530410
471,batabano,22.7164,-82.2881,296.49,84,6,3.4,CU,1674530412
472,minab,27.1467,57.0801,286.04,29,6,7.08,IR,1674530413
473,umm lajj,25.0213,37.2685,293.59,67,0,3.24,SA,1674530414
474,gwembe,-16.4975,27.6069,290.0,97,100,4.01,ZM,1674530414
475,yima,34.7381,111.8839,267.4,15,0,5.45,CN,1674530415
476,kathu,7.9178,98.3332,302.42,99,87,3.34,TH,1674530416
477,haapsalu,58.9431,23.5414,273.66,88,100,6.81,EE,1674530416
478,nhulunbuy,-12.2333,136.7667,301.49,83,75,4.63,AU,1674530417
479,ariquemes,-9.9133,-63.0408,295.1,98,84,1.09,BR,1674530418
480,kattivakkam,13.2167,80.3167,299.2,63,97,4.14,IN,1674530419
481,dwarka,22.2394,68.9678,291.0,49,0,7.07,IN,1674530419
482,itarema,-2.9248,-39.9167,297.96,85,15,2.12,BR,1674530420
483,sabang,5.8933,95.3214,298.19,88,100,8.95,ID,1674530421
484,caluquembe,-13.7833,14.6833,287.08,97,100,0.93,AO,1674530421
485,praia da vitoria,38.7333,-27.0667,288.57,77,75,8.2,PT,1674530422
486,foumbot,5.5079,10.6356,292.03,37,97,1.03,CM,1674530423
487,sandwick,60.0,-1.25,282.05,100,100,8.23,GB,1674530242
488,payo,-3.7508,103.6372,300.47,71,100,1.06,ID,1674530424
489,zambezi,-13.5432,23.1047,290.62,99,100,1.26,ZM,1674530425
490,kolda,12.8833,-14.95,292.29,62,43,2.14,SN,1674530425
491,fevik,58.3794,8.6766,276.02,94,100,7.52,NO,1674530426
492,pacifica,37.6138,-122.4869,286.92,57,0,3.09,US,1674530427
493,asau,46.4333,26.4,271.66,83,100,2.41,RO,1674530427
494,tiksi,71.6872,128.8694,237.35,100,91,1.55,RU,1674530429
495,bonthe,7.5264,-12.505,297.16,88,47,2.94,SL,1674530430
496,lake city,30.1897,-82.6393,281.4,87,0,0.0,US,1674530430
497,imatra,61.1719,28.7524,273.77,90,100,0.45,FI,1674530431
498,bembereke,10.2283,2.6634,296.15,22,1,1.59,BJ,1674530432
499,abomey,7.1829,1.9912,297.3,84,12,1.85,BJ,1674530432
500,mantua,45.1667,10.7833,280.73,88,67,0.89,IT,1674530433
501,balkanabat,39.5108,54.3671,272.11,46,0,1.43,TM,1674530434
502,coquimbo,-29.9533,-71.3436,290.0,94,0,2.06,CL,1674530249
503,rawah,34.4816,41.9093,282.79,46,0,2.47,IQ,1674530435
504,constitucion,-35.3333,-72.4167,288.35,93,12,1.46,CL,1674530436
505,visby,57.6409,18.296,272.27,86,100,7.2,SE,1674530436
506,vila,42.0304,-8.1588,272.64,84,5,2.37,PT,1674530437
507,awbari,26.5921,12.7805,284.2,24,0,2.33,LY,1674530438
508,zhezkazgan,47.8043,67.7144,260.14,85,100,3.0,KZ,1674530438
509,ulladulla,-35.35,150.4667,297.81,60,29,4.76,AU,1674530440
510,yerbogachen,61.2767,108.0108,232.92,99,81,1.08,RU,1674530441
511,lorengau,-2.0226,147.2712,300.31,81,100,1.97,PG,1674530442
512,bridge city,30.0208,-93.8457,284.16,72,40,3.09,US,1674530442
513,korla,41.7597,86.1469,258.77,83,46,2.25,CN,1674530443
514,presidencia roque saenz pena,-26.7852,-60.4388,299.03,40,0,2.92,AR,1674530444
515,show low,34.2542,-110.0298,266.49,79,20,1.54,US,1674530444
516,zhigansk,66.7697,123.3711,230.56,97,100,3.1,RU,1674530445
517,santiago del estero,-27.7951,-64.2615,302.26,46,0,3.86,AR,1674530446
518,sitka,57.0531,-135.33,280.09,87,100,3.6,US,1674530327
519,dauphin,51.1494,-100.0502,262.23,79,100,3.09,CA,1674530447
520,chippewa falls,44.9369,-91.3929,269.8,91,100,2.06,US,1674530165
521,rabo de peixe,37.8,-25.5833,287.88,67,75,7.2,PT,1674530448
522,esso,55.9333,158.7,260.77,93,100,1.65,RU,1674530449
523,najran,17.4924,44.1277,284.51,39,1,0.94,SA,1674530450
524,kushiro,42.975,144.3747,269.68,68,75,0.51,JP,1674530450
525,krk,45.0258,14.5731,281.7,75,91,4.77,HR,1674530451
526,izhma,65.0083,53.9113,263.24,89,23,4.05,RU,1674530452
527,esmeraldas,-19.7625,-44.3139,294.32,98,100,1.68,BR,1674530453
528,surabaya,-7.2492,112.7508,303.12,74,20,2.06,ID,1674530454
529,de-kastri,51.4667,140.7833,246.5,93,93,4.11,RU,1674530454
530,tilichiki,60.4667,166.1,256.61,94,100,5.8,RU,1674530455
531,bundaberg,-24.85,152.35,301.91,54,3,3.86,AU,1674530456
532,matamoros,25.5333,-103.25,297.21,14,20,6.17,MX,1674530456
533,oak ridge,36.0104,-84.2696,274.67,75,0,0.0,US,1674530362
534,erenhot,43.6475,111.9767,252.5,62,1,6.35,CN,1674530457
535,notodden,59.5594,9.2585,280.93,98,100,0.81,NO,1674530458
536,luoyang,34.6836,112.4536,269.71,13,0,5.9,CN,1674530459
537,vao,-22.6667,167.4833,298.88,84,85,2.61,NC,1674530460
538,macau,22.2006,113.5461,289.74,58,20,11.83,MO,1674530461
539,christchurch,-43.5333,172.6333,290.26,63,100,6.17,NZ,1674530390
540,biak,-0.9131,122.8766,301.21,71,98,0.66,ID,1674530462
541,bara,10.3744,10.7288,293.69,22,48,3.54,NG,1674530462
